Numéro d'inscription	Prénom	Nom de famille	Adresse électronique	Date de naissance	Adresse 1	Adresse 2	Ville	État province région	Pays	Code postal	Heure d'inscription	Sexe	Nationalite	numberrange	numberrange1	numberrange2
R-AL1-02LH2EF7R	Tamekah	Lavigne	nunc.sollicitudin@hotmail.org	1962-02-05	P.O. Box 819 2963 Diam Rd.	tempor diam	Mexico City	Champagne-Ardenne Alsace	FR	62546	2024-04-16 18:35	FEMALE	FRA	1	0	1
R-AL1-02PE3MF4L	Ferdinand	Tremblay	sem.eget.massa@outlook.com	2001-05-22	Ap #163-9991 Aliquet. Rd.	in cursus	Wonju	Pays de la Loire Limousin	FR	51486	2023-02-22 10:58	MALE	FRA	0	0	0
R-AL1-03IV2LY6G	Athena	Mckay	elementum@outlook.com	1980-05-26	Ap #136-1492 Donec Street	nunc. Quisque	Whitehorse	Lorraine Aquitaine	FR	77780	2023-06-14 05:10	FEMALE	FRA	1	1	0
R-AL1-04GB8IV8C	Ima	Cousineau	molestie.sed@google.com	1982-03-11	1362 Dignissim Av.	scelerisque	Ong	Franche-Comté Bourgogne	FR	33246	2024-02-09 09:47	FEMALE	FRA	1	1	0
R-AL1-04NQ8UE3O	Graiden	Kloet	metus@icloud.org	1943-07-27	Ap #913-5618 Eu St.	amet	Emalahleni	Île-de-France Centre	FR	53144	2022-07-06 16:31	MALE	FRA	0	1	1
R-AL1-111111111	Graiden	Kloet	metus@icloud.org	1943-07-27	Ap #913-5618 Eu St.	amet	Emalahleni	Île-de-France Centre	FR	53144	2022-07-06 16:31	MALE	FRA	0	1	1
R-AL1-08KN1GQ1A	May	Park	non.leo.vivamus@yahoo.org	2010-03-22	Ap #583-5031 Sit Street	Nunc	Uddevalla	Île-de-France Poitou-Charentes	FR	56835	2024-03-11 15:34	FEMALE	FRA	0	0	1
R-AL1-12UX1FE9H	Boris	Van Aalsburg	nisi@aol.com	2003-10-01	P.O. Box 518 9992 Accumsan Ave	sodales. Mauris	Wanneroo	Auvergne Languedoc-Roussillon	FR	77250	2023-04-20 02:13	FEMALE	FRA	0	1	0
R-AL1-14BA1QV1E	Dylan	Klein	in.at@protonmail.net	1973-10-15	2843 Non Street	velit egestas	Coatzacoalcos	Nord-Pas-de-Calais Alsace	FR	59234	2024-03-06 10:37	FEMALE	FRA	0	0	1
R-AL1-16DP7DC3H	Dieter	Gibson	consectetuer@protonmail.com	1934-12-14	986-5539 Velit. St.	commodo	Kufstein	Basse-Normandie Bourgogne	FR	68427	2023-04-04 06:17	MALE	FRA	0	1	1
R-AL1-17HL4YI6M	Omar	Wood	id.enim@outlook.org	2009-10-27	Ap #295-1158 Dapibus Ave	libero.	Uiwang	Bourgogne Picardie	FR	95997	2022-10-15 06:53	FEMALE	FRA	0	0	1
R-AL1-17NG3LB7P	Flavia	Boivin	aliquet.libero.integer@hotmail.org	2020-05-11	9515 Odio Rd.	Phasellus ornare.	Bắc Giang	Lorraine Bretagne	FR	64084	2023-01-02 06:35	FEMALE	FRA	1	1	1
R-AL1-18KC3GM3S	Deacon	Collins	ut@hotmail.org	1918-11-02	758-7965 Morbi Ave	Donec	Pondicherry	Auvergne Auvergne	FR	11478	2023-10-23 05:00	MALE	FRA	0	1	0
R-AL1-18MV5DY0O	Felix	Plamondon	curae.phasellus@hotmail.couk	1995-10-12	272-933 Sed Rd.	arcu. Sed	Mattersburg	Pays de la Loire Poitou-Charentes	FR	54576	2022-07-18 06:32	MALE	FRA	0	0	1
R-AL1-18WL6YH0C	Medge	Aakster	ac@google.net	1963-08-14	177-6184 Semper Ave	Proin	Panjim	Aquitaine Bourgogne	FR	56686	2024-01-06 06:03	MALE	FRA	1	1	0
R-AL1-19EB7ZK6G	Harper	Hunter	tristique@icloud.net	2000-04-08	P.O. Box 205 2199 Lectus Rd.	vulputate mauris	Jabbeke	Corse Alsace	FR	68686	2023-12-22 11:42	FEMALE	FRA	0	1	1
R-AL1-20FR5SB7Z	Ross	Poulin	pellentesque.tellus.sem@icloud.couk	1952-05-27	Ap #766-179 Duis Rd.	magna. Sed	Torrevieja	Lorraine Midi-Pyrénées	FR	64062	2024-04-30 10:20	FEMALE	FRA	0	0	0
R-AL1-25IU8ZD8V	Damon	Geelen	accumsan.laoreet.ipsum@outlook.com	2001-12-10	4349 Imperdiet Rd.	augue porttitor	Épernay	Bretagne Alsace	FR	72017	2023-07-08 04:35	FEMALE	FRA	1	1	0
R-AL1-25LQ8DT2N	Sierra	Boucher	magna.cras@icloud.couk	1928-10-02	381-3239 Consectetuer Avenue	nulla ante 	Aurillac	Bretagne Provence-Alpes-Côte d'Azur	FR	43226	2023-10-29 02:43	MALE	FRA	1	0	0
R-AL1-26NI2BF4K	Dylan	Kerr	dis.parturient@hotmail.edu	2017-06-19	795-7779 Vulputate Street	risus varius	Bollnäs	Poitou-Charentes Languedoc-Roussillon	FR	56387	2023-11-25 15:51	MALE	FRA	1	1	1
R-AL1-27PH5CW9B	Mira	Arsenault	donec.sollicitudin@yahoo.net	1922-07-29	123-4147 Pede. Street	nonummy ultricies	Manado	Alsace Champagne-Ardenne	FR	97313	2022-09-21 03:55	FEMALE	FRA	1	1	1
R-AL1-27WO4VQ5B	Kasimir	Lewis	vel.arcu@icloud.net	1965-09-15	P.O. Box 511 9454 Interdum Road	Vivamus	Palopo	Bretagne Provence-Alpes-Côte d'Azur	FR	31735	2024-04-13 08:07	MALE	FRA	0	1	0
R-AL1-28PQ3CK0S	Adria	Maes	semper@google.net	1953-12-31	Ap #521-2244 Sed St.	tortor dictum	Harrisburg	Lorraine Alsace	FR	92294	2022-09-30 00:05	FEMALE	FRA	1	0	0
R-AL1-29IB9KJ2G	Ainsley	Chan	commodo@protonmail.net	1980-05-16	286 Est. St.	massa.	Vienna	Basse-Normandie Champagne-Ardenne	FR	06986	2023-04-12 12:18	FEMALE	FRA	0	1	0
R-AL1-31FX2WD2B	Oren	Beauchene	scelerisque.lorem.ipsum@icloud.ca	2007-06-04	4235 Consectetuer Street	ac nulla.	Knittelfeld	Bourgogne Haute-Normandie	FR	07472	2022-09-25 12:47	MALE	FRA	1	1	0
R-AL1-32AS3YT0A	Dora	Rademaker	in@google.net	1949-04-23	Ap #210-8219 Leo. Av.	sed	Belfast	Île-de-France Poitou-Charentes	FR	22547	2022-10-30 11:57	FEMALE	FRA	0	0	0
R-AL1-32OB6DO6K	Jeanette	Achterberg	senectus.et@hotmail.com	1977-02-02	719 Ornare Street	sapien gravida	Sabadell	Bretagne Midi-Pyrénées	FR	56858	2024-03-19 14:29	MALE	FRA	1	0	0
R-AL1-32UP6VR3J	Hillary	Armstrong	varius.et.euismod@aol.couk	1946-09-19	P.O. Box 199 8004 Lectus Street	massa. Vestibulum	Halkirk	Corse Champagne-Ardenne	FR	62256	2023-09-09 02:43	MALE	FRA	1	1	1
R-AL1-33DO4QE7L	Lev	Dion	arcu.ac@protonmail.ca	1955-12-23	847-7678 Nisl Av.	eleifend	Shimla	Bourgogne Bretagne	FR	60357	2022-07-02 07:23	MALE	FRA	1	0	1
R-AL1-36OF8DX1V	Brandon	Charbonneau	nulla.cras.eu@google.couk	1951-10-16	P.O. Box 512 5589 Vulputate Rd. nec 	Tauranga	Poitou-Charentes	Île-de-France	FR	28881	2023-05-17 15:54	MALE	FRA	0	1	1
R-AL1-36PI1PR9C	Lysandra	Crawford	molestie.arcu@google.org	1935-12-31	636-2083 Lobortis St.	elit fermentum	Iquitos	Basse-Normandie Limousin	FR	28130	2023-01-26 19:15	FEMALE	FRA	0	1	0
R-AL1-37BD0CY2A	Mariko	Adams	duis@protonmail.ca	2018-12-19	5798 Sed Rd.	metus.	Goes	Nord-Pas-de-Calais Bourgogne	FR	63352	2023-06-10 09:30	FEMALE	FRA	1	1	1
R-AL1-37GH6QX2O	Scarlett	Jonker	risus@yahoo.net	1966-08-07	Ap #907-8866 Mi. Rd.	et	Llanelli	Lorraine Centre	FR	28126	2022-10-07 08:47	MALE	FRA	0	1	1
R-AL1-39VO5KZ9T	Rigel	Beaulieu	lobortis.quis.pede@google.org	1996-01-21	575-2312 Nunc St.	posuere vulputate 	Nagar	Aquitaine Lorraine	FR	11817	2023-03-25 22:39	MALE	FRA	0	0	1
R-AL1-41JL3QZ9Y	Blaze	Proulx	congue.elit.sed@protonmail.com	2010-05-01	P.O. Box 646 435 Lectus St.	aliquet. Proin	Limoges	Limousin Champagne-Ardenne	FR	95927	2023-02-07 20:13	FEMALE	FRA	0	1	1
R-AL1-41KR1JW7P	Ashely	Macdonald	eu.nibh@icloud.edu	1945-03-01	Ap #479-8406 Sed Rd.	dui semper	Caloundra	Lorraine Poitou-Charentes	FR	53295	2022-11-22 09:41	FEMALE	FRA	0	1	1
R-AL1-43AG4RG3I	Pearl	Houle	velit@yahoo.org	1987-06-11	Ap #477-6287 Ac Ave	eu odio	Camarones	Haute-Normandie Île-de-France	FR	35571	2022-10-06 05:45	FEMALE	FRA	1	1	0
R-AL1-43QE2TS4N	Unity	Deforest	laoreet.lectus@outlook.com	1960-06-10	3972 Cras Rd.	aliquet odio.	Okene	Auvergne Aquitaine	FR	83417	2023-01-22 22:01	MALE	FRA	0	1	1
R-AL1-44HO6GD1W	Flavia	Van Der Aart	cursus.in@hotmail.couk	1923-12-26	774-5436 Phasellus Rd.	lacinia	Ceuta	Provence-Alpes-Côte d'Azur Alsace	FR	85172	2024-05-15 05:30	MALE	FRA	1	0	1
R-AL1-45AT5RL8Q	Reed	Girard	a.enim.suspendisse@aol.com	1965-07-24	Ap #384-699 Lorem St.	Morbi	Zipaquirá	Limousin Languedoc-Roussillon	FR	60267	2024-05-18 08:32	MALE	FRA	0	0	1
R-AL1-45GN7WN2Z	Hilel	Segal	ac.fermentum@google.couk	1954-10-19	1276 Sem Av.	a 	Stalowa Wola	Nord-Pas-de-Calais Haute-Normandie	FR	53778	2022-12-27 20:49	MALE	FRA	1	1	0
R-AL1-45HJ6CB0D	Sara	Savatier	proin.sed.turpis@google.ca	1971-01-01	P.O. Box 346 9000 Nisl. St.	Aliquam	Cabuyao	Languedoc-Roussillon Alsace	FR	97848	2024-03-09 07:47	MALE	FRA	0	1	0
R-AL1-45OP5QL6H	Athena	Baker	metus.vivamus@protonmail.couk	1940-08-12	632-6449 Natoque Ave	at 	Villers-le-Peuplier	Languedoc-Roussillon Alsace	FR	47390	2023-02-26 03:47	FEMALE	FRA	0	0	1
R-AL1-46WV5WL2V	Keefe	Martin	aliquam.vulputate@yahoo.org	2001-11-18	Ap #716-4648 Varius Rd.	pellentesque a 	Biryuch	Nord-Pas-de-Calais Limousin	FR	31945	2022-09-30 03:10	MALE	FRA	0	1	0
R-AL1-47KM1GK0Y	Hiroko	Wiebe	convallis@icloud.com	1940-01-01	P.O. Box 689 2462 Pede Av.	fringilla mi	Monclova	Île-de-France Pays de la Loire	FR	76721	2023-07-03 23:57	FEMALE	FRA	0	0	1
R-AL1-47PA6CG1Z	Adrienne	Ho	consequat.purus.maecenas@yahoo.org	1979-11-28	Ap #397-5567 Vehicula Av.	luctus.	Holmestrand	Centre Île-de-France	FR	25671	2024-03-01 03:52	FEMALE	FRA	0	0	1
R-AL1-47RI2NN6R	Darrel	Roggeveen	dolor.elit@yahoo.ca	2006-04-16	Ap #468-9617 Quis Ave erat eget	Jönköping	Auvergne	Provence-Alpes-Côte d'Azur	FR	68228	2022-12-28 22:21	MALE	FRA	1	0	1
R-AL1-49SQ1WJ6D	Bree	Peerenboom	velit.cras.lorem@icloud.edu	1920-06-17	P.O. Box 816 7343 Sed Ave lorem 	Castel Giorgio	Aquitaine	Centre	FR	56244	2023-08-23 13:20	FEMALE	FRA	0	0	1
R-AL1-51QL8JM2W	Leilani	Wilson	cursus@yahoo.org	1932-02-17	Ap #867-6726 Quis Ave	semper cursus.	Jørpeland	Île-de-France Picardie	FR	42825	2023-01-29 15:13	FEMALE	FRA	0	1	0
R-AL1-51TQ5SA4Z	Lee	Royer	nulla.eu.neque@google.net	1942-09-09	Ap #868-574 Quam. Avenue	orci adipiscing	Güstrow	Bourgogne Languedoc-Roussillon	FR	94038	2022-06-26 11:12	FEMALE	FRA	0	0	0
R-AL1-53DI8NB7F	Boris	Lachapelle	eu.euismod.ac@google.org	1921-05-16	Ap #293-3230 Egestas Avenue	vel	Sankt Johann im Pongau	Haute-Normandie Midi-Pyrénées	FR	52551	2024-02-07 03:51	MALE	FRA	0	1	0
R-AL1-53FC1SN0H	Donna	Spijker	cursus@outlook.edu	1956-09-17	946-2171 Ipsum Rd.	leo in	Wanaka	Auvergne Picardie	FR	47863	2024-02-02 11:57	FEMALE	FRA	1	0	0
R-AL1-53GU4WR2J	Jamal	Berg	mauris.integer.sem@hotmail.couk	1993-09-16	349-3740 Mauris Avenue	non 	Durban	Franche-Comté Île-de-France	FR	42116	2023-09-07 11:15	MALE	FRA	0	1	0
R-AL1-53HY6WC9D	Malachi	Wallace	dictum@hotmail.couk	1973-01-29	371 Vel Rd.	vel	Albisola Superiore	Franche-Comté Lorraine	FR	97858	2023-07-19 03:07	MALE	FRA	0	1	0
R-AL1-53TQ2RP4N	Candace	Wood	ipsum.phasellus@protonmail.net	1952-09-23	P.O. Box 546 3093 Consequat Av. orci 	Biñan	Nord-Pas-de-Calais	Haute-Normandie	FR	51634	2023-01-17 18:20	FEMALE	FRA	0	0	0
R-AL1-56YM7NV5V	Lester	Kloet	ac.mi@aol.couk	1929-06-18	756-8713 Vestibulum Rd.	quam quis	Cork	Lorraine Provence-Alpes-Côte d'Azur	FR	58327	2024-04-17 02:13	FEMALE	FRA	0	1	0
R-AL1-57QY6ES8L	Eve	Royer	id.ante.dictum@icloud.ca	1922-11-03	6489 Pellentesque Avenue	dictum.	Falisolle	Picardie Midi-Pyrénées	FR	84673	2023-11-09 10:18	MALE	FRA	1	1	0
R-AL1-58JT3UY7Y	Lilah	Rademaker	aliquam@google.edu	2002-02-08	1506 Dictum Avenue	malesuada fringilla	Arica	Lorraine Bourgogne	FR	44317	2022-11-26 11:21	MALE	FRA	1	0	1
R-AL1-61AG3NR3D	Jayme	Monet	turpis@outlook.com	1956-06-22	Ap #770-4323 Donec Av.	Etiam gravida	Liberia	Centre Midi-Pyrénées	FR	32838	2024-05-10 21:01	MALE	FRA	0	0	1
R-AL1-61CY9XG0Y	Gabriel	Elliott	vehicula.risus@aol.org	1936-06-18	P.O. Box 219 7021 Suspendisse Av.	erat	San Nicolás de los Garza	Bretagne Basse-Normandie	FR	45847	2023-05-29 02:15	MALE	FRA	0	0	1
R-AL1-61LG7NB6X	Mufutau	Cook	vivamus@outlook.org	1951-06-29	Ap #444-4749 Lectus Avenue	Donec	Hainan	Nord-Pas-de-Calais Poitou-Charentes	FR	40358	2024-03-26 05:53	FEMALE	FRA	0	1	0
R-AL1-62GJ6CN0M	Grady	Davies	et.ultrices.posuere@aol.couk	2009-02-12	Ap #508-8735 Sit Ave	ipsum non	Phalaborwa	Bourgogne Aquitaine	FR	15536	2023-10-04 04:58	MALE	FRA	0	0	1
R-AL1-62LD0TT5H	Oleg	Borde	vivamus.molestie.dapibus@aol.org	1991-04-14	341-1847 Aliquam Street	tincidunt nibh.	Paignton	Bourgogne Poitou-Charentes	FR	34350	2024-03-09 13:11	MALE	FRA	1	0	1
R-AL1-62TS2JW2K	Harding	Fortin	elementum.dui@google.edu	1923-11-01	377-5467 A Street	nisl	Logroño	Bretagne Bourgogne	FR	21667	2023-11-19 01:56	FEMALE	FRA	1	1	1
R-AL1-62TV0AU2A	Yoshi	Wilson	eget.volutpat.ornare@outlook.net	1958-03-13	9607 Ut Street	Cras	Erdemli	Nord-Pas-de-Calais Franche-Comté	FR	57657	2022-10-06 17:44	MALE	FRA	0	0	0
R-AL1-63XG2SJ7F	Zachery	Proulx	vel.est@protonmail.com	1955-06-21	1851 Gravida Rd.	tellus faucibus	Santa Maria	Haute-Normandie Basse-Normandie	FR	27728	2024-04-02 08:26	FEMALE	FRA	0	0	0
R-AL1-66OU4ZL4I	Veda	Gagneux	dolor@google.net	1929-04-04	908-6688 In St.	volutpat. Nulla	Tianjin	Haute-Normandie Haute-Normandie	FR	61181	2023-07-29 22:51	FEMALE	FRA	0	1	1
R-AL1-66QQ5DH7S	Candace	Victor	sit@icloud.ca	1978-09-12	1364 Amet Rd.	eu	Cametá	Midi-Pyrénées Languedoc-Roussillon	FR	87812	2022-09-24 18:16	FEMALE	FRA	1	1	0
R-AL1-67BS3QB3C	Caleb	Lamar	aliquam@hotmail.com	1961-05-04	6289 Faucibus St.	adipiscing	Mercedes	Corse Limousin	FR	42424	2023-10-03 07:54	FEMALE	FRA	0	1	0
R-AL1-71GK8YG4T	Sybil	Segal	urna.nec.luctus@yahoo.org	1920-04-06	P.O. Box 371 8097 Mauris St.	Duis	Wanaka	Languedoc-Roussillon Provence-Alpes-Côte d'Azur	FR	54687	2024-03-15 02:46	MALE	FRA	0	1	0
R-AL1-71KB7AE8O	Blythe	Thompson	in@aol.edu	1933-06-03	Ap #134-3657 Dictum. Rd.	lobortis quam	Huaraz	Provence-Alpes-Côte d'Azur Provence-Alpes-Côte d'Azur	FR	33296	2024-04-27 03:18	MALE	FRA	1	0	1
R-AL1-71XF1XC1Y	Kermit	Liu	cum.sociis@yahoo.net	2018-06-30	Ap #964-9759 Morbi Avenue	rhoncus. Proin	Hudiksvall	Franche-Comté Franche-Comté	FR	61450	2024-03-25 08:58	FEMALE	FRA	0	0	1
R-AL1-72GR1NB4Q	Gray	Kennedy	orci.ut.sagittis@google.com	1932-04-11	P.O. Box 434 6154 Volutpat Avenue	sit amet	Feilding	Lorraine Auvergne	FR	73380	2023-06-07 01:59	MALE	FRA	0	0	0
R-AL1-72MB2XQ2W	Cheryl	Brooks	magna.nec@yahoo.ca	2008-07-31	P.O. Box 108 8554 Vulputate Av. magna malesuada	Hofors	Alsace	Bretagne	FR	83626	2022-06-22 15:54	FEMALE	FRA	1	0	1
R-AL1-74FT8WD2V	Richard	Macleod	in.dolor@protonmail.couk	1991-01-09	Ap #689-8500 Mi Avenue	Nunc	Poltava	Franche-Comté Languedoc-Roussillon	FR	28635	2023-03-09 00:33	FEMALE	FRA	1	0	0
R-AL1-75PM4TU4P	Maya	Rose	eleifend.non@google.couk	1978-09-27	Ap #705-3858 Hendrerit St.	nisi	Vienna	Poitou-Charentes Midi-Pyrénées	FR	23560	2022-11-13 22:33	FEMALE	FRA	1	0	1
R-AL1-76OW2EZ9K	Yvonne	Paquette	consectetuer.rhoncus@outlook.ca	1941-03-29	3574 Curabitur St.	faucibus. Morbi	Auckland	Nord-Pas-de-Calais Centre	FR	42345	2024-05-05 19:46	MALE	FRA	0	0	0
R-AL1-76VE1OM5K	Reed	Desjardins	suscipit.est@aol.couk	1969-01-01	414-6251 Vel Road	volutpat	Cornwall	Limousin Basse-Normandie	FR	92496	2022-07-16 02:34	MALE	FRA	1	0	0
R-AL1-76YE1JD8W	Igor	Morin	non.bibendum@protonmail.ca	1920-03-12	P.O. Box 110 6010 Magna St. eget volutpat	Jaén	Bourgogne	Lorraine	FR	84171	2023-08-10 01:52	FEMALE	FRA	0	1	0
R-AL1-78JV8UH4R	Lillian	Lachance	ipsum.suspendisse@yahoo.couk	1980-12-01	Ap #408-6414 Nunc Rd.	nulla vulputate	Częstochowa	Bretagne Corse	FR	36054	2024-03-18 00:20	MALE	FRA	1	0	0
R-AL1-78LT8TA8N	Lillian	Archambault	ipsum.suspendisse@protonmail.edu	1989-11-28	Ap #760-8163 Conubia Street	id nunc	Berlin	Nord-Pas-de-Calais Centre	FR	59357	2024-03-05 02:11	FEMALE	FRA	0	0	1
R-AL1-80SV4GM4V	Ishmael	Gagne	ornare@icloud.org	2006-04-28	P.O. Box 167 7515 Velit. Street	ante. Nunc	Almelo	Picardie Centre	FR	38143	2023-02-27 20:14	FEMALE	FRA	1	0	0
R-AL1-82LV7NK6X	Aristotle	Ferguson	et.magna@yahoo.net	1975-05-31	838 Tortor. St.	eu eleifend	Bedok	Auvergne Bourgogne	FR	62871	2024-06-11 07:48	FEMALE	FRA	1	0	1
R-AL1-82VX3FX1J	Noelle	Haanraads	ullamcorper.magna.sed@hotmail.org	1976-11-18	Ap #717-450 Bibendum Street	felis.	Tredegar	Limousin Picardie	FR	18914	2023-04-22 22:39	MALE	FRA	0	1	1
R-AL1-83HY6GU4G	Kalia	Deforest	nunc.mauris@aol.ca	1966-07-03	8002 Consectetuer Rd.	pede nonummy	Flin Flon	Champagne-Ardenne Auvergne	FR	67505	2022-11-15 00:02	MALE	FRA	1	1	1
R-AL1-83IV9VY0B	Kyra	Chaput	pede.nunc@hotmail.couk	1982-08-26	6717 Interdum. St.	sagittis	Butzbach	Centre Poitou-Charentes	FR	65731	2024-04-13 05:42	FEMALE	FRA	0	0	0
R-AL1-84KH6CM8I	Ginger	Charbonneau	dui.quis.accumsan@outlook.ca	1937-01-23	5493 Amet Rd.	Sed neque.	Inverurie	Basse-Normandie Poitou-Charentes	FR	56081	2023-11-28 20:27	MALE	FRA	1	0	0
R-AL1-84QA4UT8C	Kaseem	Haanraads	eget.tincidunt.dui@yahoo.org	1934-01-17	289-4744 Sed Rd.	molestie arcu.	Valparaíso de Goiás	Languedoc-Roussillon Bourgogne	FR	74100	2023-03-22 10:39	MALE	FRA	0	0	0
R-AL1-85EO6QG0C	Aphrodite	Aaldenberg	eu.arcu.morbi@icloud.couk	1979-09-15	Ap #506-6829 Gravida St.	Pellentesque	Whitehorse	Languedoc-Roussillon Île-de-France	FR	53214	2023-08-02 02:11	MALE	FRA	0	1	1
R-AL1-85TX5MO8U	Demetrius	Fabre	porttitor@icloud.couk	1939-03-18	Ap #857-8445 Tellus. Av.	ornare placerat 	Delhi	Midi-Pyrénées Basse-Normandie	FR	18144	2022-10-30 08:33	MALE	FRA	1	0	1
R-AL1-85UH5DS1U	Camden	Landry	consequat.enim@hotmail.net	1977-05-29	P.O. Box 421 6787 Sem Road Nunc ullamcorper 	Hattian Bala	Pays de la Loire	Bretagne	FR	76474	2023-08-30 05:01	FEMALE	FRA	0	1	1
R-AL1-86SW0RV2P	Amy	Aaldenberg	morbi.sit.amet@protonmail.edu	1977-11-10	P.O. Box 915 2200 Et St.	risus.	Bacoor	Corse Champagne-Ardenne	FR	74827	2023-04-05 05:23	MALE	FRA	1	0	1
R-AL1-88IP9KE2H	Jael	Bunschoten	tellus.aenean@google.org	1938-12-18	Ap #541-6724 Libero. Avenue	Aliquam fringilla	Padang	Midi-Pyrénées Nord-Pas-de-Calais	FR	23383	2023-05-07 12:48	MALE	FRA	0	0	1
R-AL1-89KJ2UC1R	Dorian	Paradis	lacus@protonmail.ca	1956-07-31	Ap #865-9564 Quis Rd.	Cras interdum.	Blenheim	Haute-Normandie Franche-Comté	FR	28115	2023-12-08 21:46	MALE	FRA	1	0	1
R-AL1-89UF7IE5O	Nigel	Kuiper	mauris.eu.turpis@google.net	1987-07-13	457-1582 Tellus St.	et	Kemerovo	Provence-Alpes-Côte d'Azur Haute-Normandie	FR	56090	2022-11-18 03:12	MALE	FRA	1	1	1
R-AL1-91GK5DO1V	Blythe	Berger	cum.sociis.natoque@google.org	2013-06-11	P.O. Box 661 7553 Lorem Rd.	nisi	Dieppe	Aquitaine Haute-Normandie	FR	69063	2024-04-27 05:49	MALE	FRA	1	1	0
R-AL1-91MB1VI5V	Luke	Duval	quisque.ac.libero@protonmail.net	1988-07-14	Ap #519-7847 Tellus Street	ornare.	Bastia	Midi-Pyrénées Auvergne	FR	14121	2023-10-20 05:22	FEMALE	FRA	1	0	1
R-AL1-91RR9SB1R	Zachery	Ellis	ultrices.posuere@outlook.couk	1942-03-06	3519 Mattis Street	in consectetuer	Siquirres	Lorraine Île-de-France	FR	32537	2023-05-27 20:20	MALE	FRA	1	1	1
R-AL1-94DJ0ND3S	Abbot	Janvier	ac.nulla.in@google.couk	1950-11-14	Ap #242-9021 Magna. Ave	Donec felis	Dublin	Midi-Pyrénées Alsace	FR	61266	2024-06-06 01:04	FEMALE	FRA	1	1	1
R-AL1-95JR4UK4R	Gloria	Baker	non@hotmail.com	1937-11-21	P.O. Box 470 7279 Rhoncus. St.	In	Montgomery	Midi-Pyrénées Franche-Comté	FR	49417	2023-09-10 11:08	FEMALE	FRA	1	1	0
R-AL1-99PN7VS0R	Brent	Reid	a.auctor@icloud.ca	1938-11-18	158-8956 Morbi Rd.	aliquet libero.	Pachuca	Corse Poitou-Charentes	FR	68434	2022-11-15 07:26	MALE	FRA	1	1	0